<?xml version='1.0' encoding='utf-8'?> <!-- Declares XML version and encoding -->
<!DOCTYPE hibernate-configuration PUBLIC
        "-//Hibernate/Hibernate Configuration DTD 3.0//EN"
        "http://www.hibernate.org/dtd/hibernate-configuration-3.0.dtd"> <!-- Specifies Hibernate configuration DTD -->

<hibernate-configuration>
    <session-factory>
    
        <!-- JDBC driver class for MySQL database -->
        <property name="hibernate.connection.driver_class">com.mysql.cj.jdbc.Driver</property>

        <!-- URL of the MySQL database -->
        <property name="hibernate.connection.url">jdbc:mysql://localhost:3306/hotel</property>

        <!-- Database username -->
        <property name="hibernate.connection.username">root</property>

        <!-- Database password -->
        <property name="hibernate.connection.password">Pr@V!n@24*12MV</property>

        <!-- Minimum number of connections in the C3P0 connection pool -->
        <property name="hibernate.c3p0.min_size">5</property>

        <!-- Maximum number of connections in the C3P0 connection pool -->
        <property name="hibernate.c3p0.max_size">20</property>

        <!-- Hibernate SQL dialect for MySQL 8 -->
        <property name="hibernate.dialect">org.hibernate.dialect.MySQL8Dialect</property>

        <!-- Auto-update the database schema based on entity mappings -->
        <property name="hibernate.hbm2ddl.auto">update</property>

        <!-- Whether to show generated SQL in the console (disabled here) -->
        <property name="hibernate.show_sql">false</property>

        <!-- Whether to format the SQL output (disabled here) -->
        <property name="hibernate.format_sql">false</property>

        <!-- Mapping for the Room entity -->
        <mapping class="com.hrs.Room"/>

        <!-- Mapping for the Customer entity -->
        <mapping class="com.hrs.Customer"/>

        <!-- Mapping for the Booking entity -->
        <mapping class="com.hrs.Booking"/>

    </session-factory>
</hibernate-configuration>
